Workbook

Sheet 주간입력
A1: 시선닷컴 주간 성과 입력 (raw 데이터 · 파란 글씨 = 입력)
A2: 항목 | B2: 단위 | C2: W1 | D2: W2 | E2: W3 | F2: W4 | G2: W5 | H2: W6 | I2: W7 | J2: W8 | K2: W9 | L2: W10 | M2: W11 | N2: W12 | O2: W13
A3: GMV(거래액) | B3: 만원 | C3: 58000
A4: 방문자수 | B4: 명 | C4: 95000
A5: 주문건수 | B5: 건 | C5: 2400
A6: 재구매 주문 | B6: 건 | C6: 950
A7: 2개+브랜드 구매고객 | B7: 명 | C7: 380
A8: 구매고객수 | B8: 명 | C8: 2100
A9: 신규회원 | B9: 명 | C9: 420
A10: 활성멤버십 | B10: 명 | C10: 8500
A11: 정가 거래액 | B11: 만원 | C11: 37000
A12: 첫구매 고객 | B12: 명 | C12: 1300
A13: 첫구매후 재구매 | B13: 건 | C13: 300

Sheet KPI계산
A1: 성과 KPI 계산 (노란 셀 = 목표 · 검정 = 자동 수식)
A2: KPI | B2: 단위 | C2: 목표 | D2: W1 | E2: W2 | F2: W3 | G2: W4 | H2: W5 | I2: W6 | J2: W7 | K2: W8 | L2: W9 | M2: W10 | N2: W11 | O2: W12 | P2: W13
A3: 거래액(GMV) | B3: 만원 | C3: 60000 | D3: =주간입력!C3 -> 58000 | E3: =주간입력!D3 -> 0 | F3: =주간입력!E3 -> 0 | G3: =주간입력!F3 -> 0 | H3: =주간입력!G3 -> 0 | I3: =주간입력!H3 -> 0 | J3: =주간입력!I3 -> 0 | K3: =주간입력!J3 -> 0 | ... P3: =주간입력!O3 -> 0
A4: 구매 전환율(CVR) | B4: % | C4: 0.028 | D4: =IFERROR(주간입력!C5/주간입력!C4,0) -> 0.025263158 | E4: =IFERROR(주간입력!D5/주간입력!D4,0) -> 0 | F4: =IFERROR(주간입력!E5/주간입력!E4,0) -> 0 | G4: =IFERROR(주간입력!F5/주간입력!F4,0) -> 0 | H4: =IFERROR(주간입력!G5/주간입력!G4,0) -> 0 | I4: =IFERROR(주간입력!H5/주간입력!H4,0) -> 0 | J4: =IFERROR(주간입력!I5/주간입력!I4,0) -> 0 | K4: =IFERROR(주간입력!J5/주간입력!J4,0) -> 0 | ... P4: =IFERROR(주간입력!O5/주간입력!O4,0) -> 0
A5: 객단가(AOV) | B5: 만원 | C5: 46 | D5: =IFERROR(주간입력!C3/주간입력!C5,0) -> 24.166667 | E5: =IFERROR(주간입력!D3/주간입력!D5,0) -> 0 | F5: =IFERROR(주간입력!E3/주간입력!E5,0) -> 0 | G5: =IFERROR(주간입력!F3/주간입력!F5,0) -> 0 | H5: =IFERROR(주간입력!G3/주간입력!G5,0) -> 0 | I5: =IFERROR(주간입력!H3/주간입력!H5,0) -> 0 | J5: =IFERROR(주간입력!I3/주간입력!I5,0) -> 0 | K5: =IFERROR(주간입력!J3/주간입력!J5,0) -> 0 | ... P5: =IFERROR(주간입력!O3/주간입력!O5,0) -> 0
A6: 재구매율 | B6: % | C6: 0.4 | D6: =IFERROR(주간입력!C6/주간입력!C5,0) -> 0.39583333 | E6: =IFERROR(주간입력!D6/주간입력!D5,0) -> 0 | F6: =IFERROR(주간입력!E6/주간입력!E5,0) -> 0 | G6: =IFERROR(주간입력!F6/주간입력!F5,0) -> 0 | H6: =IFERROR(주간입력!G6/주간입력!G5,0) -> 0 | I6: =IFERROR(주간입력!H6/주간입력!H5,0) -> 0 | J6: =IFERROR(주간입력!I6/주간입력!I5,0) -> 0 | K6: =IFERROR(주간입력!J6/주간입력!J5,0) -> 0 | ... P6: =IFERROR(주간입력!O6/주간입력!O5,0) -> 0
A7: 브랜드 교차구매율 | B7: % | C7: 0.17 | D7: =IFERROR(주간입력!C7/주간입력!C8,0) -> 0.18095238 | E7: =IFERROR(주간입력!D7/주간입력!D8,0) -> 0 | F7: =IFERROR(주간입력!E7/주간입력!E8,0) -> 0 | G7: =IFERROR(주간입력!F7/주간입력!F8,0) -> 0 | H7: =IFERROR(주간입력!G7/주간입력!G8,0) -> 0 | I7: =IFERROR(주간입력!H7/주간입력!H8,0) -> 0 | J7: =IFERROR(주간입력!I7/주간입력!I8,0) -> 0 | K7: =IFERROR(주간입력!J7/주간입력!J8,0) -> 0 | ... P7: =IFERROR(주간입력!O7/주간입력!O8,0) -> 0
A8: 신규 회원 | B8: 명 | C8: 400 | D8: =주간입력!C9 -> 420 | E8: =주간입력!D9 -> 0 | F8: =주간입력!E9 -> 0 | G8: =주간입력!F9 -> 0 | H8: =주간입력!G9 -> 0 | I8: =주간입력!H9 -> 0 | J8: =주간입력!I9 -> 0 | K8: =주간입력!J9 -> 0 | ... P8: =주간입력!O9 -> 0
A9: 정가 판매 비중 | B9: % | C9: 0.65 | D9: =IFERROR(주간입력!C11/주간입력!C3,0) -> 0.63793103 | E9: =IFERROR(주간입력!D11/주간입력!D3,0) -> 0 | F9: =IFERROR(주간입력!E11/주간입력!E3,0) -> 0 | G9: =IFERROR(주간입력!F11/주간입력!F3,0) -> 0 | H9: =IFERROR(주간입력!G11/주간입력!G3,0) -> 0 | I9: =IFERROR(주간입력!H11/주간입력!H3,0) -> 0 | J9: =IFERROR(주간입력!I11/주간입력!I3,0) -> 0 | K9: =IFERROR(주간입력!J11/주간입력!J3,0) -> 0 | ... P9: =IFERROR(주간입력!O11/주간입력!O3,0) -> 0
A10: 첫구매→재구매 전환율 | B10: % | C10: 0.25 | D10: =IFERROR(주간입력!C13/주간입력!C12,0) -> 0.23076923 | E10: =IFERROR(주간입력!D13/주간입력!D12,0) -> 0 | F10: =IFERROR(주간입력!E13/주간입력!E12,0) -> 0 | G10: =IFERROR(주간입력!F13/주간입력!F12,0) -> 0 | H10: =IFERROR(주간입력!G13/주간입력!G12,0) -> 0 | I10: =IFERROR(주간입력!H13/주간입력!H12,0) -> 0 | J10: =IFERROR(주간입력!I13/주간입력!I12,0) -> 0 | K10: =IFERROR(주간입력!J13/주간입력!J12,0) -> 0 | ... P10: =IFERROR(주간입력!O13/주간입력!O12,0) -> 0

Sheet 대시보드
A1: 성과 KPI 대시보드 (임원보고)
A2: 기준 주차(1~13) | C2: 1
A4: KPI | B4: 목표 | C4: 현재값 | D4: 목표 달성률 | E4: 전주대비(WoW)
A5: 거래액(GMV) | B5: =KPI계산!$C3 -> 60000 | C5: =IFERROR(INDEX(KPI계산!$D3:$P3,$C$2),0) -> 58000 | D5: =IFERROR(C5/B5,0) -> 0.96666667 | E5: =IF($C$2<=1,"-",IFERROR(C5/INDEX(KPI계산!$D3:$P3,$C$2-1)-1,"-")) -> -
A6: 구매 전환율(CVR) | B6: =KPI계산!$C4 -> 0.028 | C6: =IFERROR(INDEX(KPI계산!$D4:$P4,$C$2),0) -> 0.025263158 | D6: =IFERROR(C6/B6,0) -> 0.90225564 | E6: =IF($C$2<=1,"-",IFERROR(C6/INDEX(KPI계산!$D4:$P4,$C$2-1)-1,"-")) -> -
A7: 객단가(AOV) | B7: =KPI계산!$C5 -> 46 | C7: =IFERROR(INDEX(KPI계산!$D5:$P5,$C$2),0) -> 24.166667 | D7: =IFERROR(C7/B7,0) -> 0.52536232 | E7: =IF($C$2<=1,"-",IFERROR(C7/INDEX(KPI계산!$D5:$P5,$C$2-1)-1,"-")) -> -
A8: 재구매율 | B8: =KPI계산!$C6 -> 0.4 | C8: =IFERROR(INDEX(KPI계산!$D6:$P6,$C$2),0) -> 0.39583333 | D8: =IFERROR(C8/B8,0) -> 0.98958333 | E8: =IF($C$2<=1,"-",IFERROR(C8/INDEX(KPI계산!$D6:$P6,$C$2-1)-1,"-")) -> -
A9: 브랜드 교차구매율 | B9: =KPI계산!$C7 -> 0.17 | C9: =IFERROR(INDEX(KPI계산!$D7:$P7,$C$2),0) -> 0.18095238 | D9: =IFERROR(C9/B9,0) -> 1.0644258 | E9: =IF($C$2<=1,"-",IFERROR(C9/INDEX(KPI계산!$D7:$P7,$C$2-1)-1,"-")) -> -
A10: 신규 회원 | B10: =KPI계산!$C8 -> 400 | C10: =IFERROR(INDEX(KPI계산!$D8:$P8,$C$2),0) -> 420 | D10: =IFERROR(C10/B10,0) -> 1.05 | E10: =IF($C$2<=1,"-",IFERROR(C10/INDEX(KPI계산!$D8:$P8,$C$2-1)-1,"-")) -> -
A11: 정가 판매 비중 | B11: =KPI계산!$C9 -> 0.65 | C11: =IFERROR(INDEX(KPI계산!$D9:$P9,$C$2),0) -> 0.63793103 | D11: =IFERROR(C11/B11,0) -> 0.98143236 | E11: =IF($C$2<=1,"-",IFERROR(C11/INDEX(KPI계산!$D9:$P9,$C$2-1)-1,"-")) -> -
A12: 첫구매→재구매 전환율 | B12: =KPI계산!$C10 -> 0.25 | C12: =IFERROR(INDEX(KPI계산!$D10:$P10,$C$2),0) -> 0.23076923 | D12: =IFERROR(C12/B12,0) -> 0.92307692 | E12: =IF($C$2<=1,"-",IFERROR(C12/INDEX(KPI계산!$D10:$P10,$C$2-1)-1,"-")) -> -

Sheet 브랜드별거래액
A1: 브랜드별 거래액 (만원 · 파란 글씨 = 입력)
A2: 브랜드 | B2: W1 | C2: W2 | D2: W3 | E2: W4 | F2: W5 | G2: W6 | H2: W7 | I2: W8 | J2: W9 | K2: W10 | L2: W11 | M2: W12 | N2: W13
A3: MICHAA | B3: 18000
A4: IT MICHAA | B4: 14000
A5: S SOLEZIA | B5: 11000
A6: LEWITT | B6: 9000
A7: E.B.M | B7: 6000
A8: 합계 | B8: =SUM(B3:B7) -> 58000 | C8: =SUM(C3:C7) -> 0 | D8: =SUM(D3:D7) -> 0 | E8: =SUM(E3:E7) -> 0 | F8: =SUM(F3:F7) -> 0 | G8: =SUM(G3:G7) -> 0 | H8: =SUM(H3:H7) -> 0 | I8: =SUM(I3:I7) -> 0 | ... N8: =SUM(N3:N7) -> 0

Sheet 운영입력
A1: 주간 운영 입력 (raw 데이터 · 파란 글씨 = 입력)
A2: 항목 | B2: 단위 | C2: W1 | D2: W2 | E2: W3 | F2: W4 | G2: W5 | H2: W6 | I2: W7 | J2: W8 | K2: W9 | L2: W10 | M2: W11 | N2: W12 | O2: W13
A3: 운영요청 접수 | B3: 건 | C3: 45
A4: SLA내 처리 | B4: 건 | C4: 42
A5: 리드타임 합 | B5: 일 | C5: 85
A6: 계획 릴리스 | B6: 건 | C6: 12
A7: 정시 릴리스 | B7: 건 | C7: 11
A8: 기획서 제출 | B8: 건 | C8: 20
A9: 기획서 재작업 | B9: 건 | C9: 3
A10: 장애 | B10: 건 | C10: 0
A11: 오류 | B11: 건 | C11: 2
A12: CS 문의 | B12: 건 | C12: 95
A13: CS 반영 | B13: 건 | C13: 88
A14: A/B 진행 | B14: 건 | C14: 6
... A19: 반영 피드백 | B19: 건 | C19: 31

Sheet 운영KPI
A1: 운영 KPI 계산 (노란 셀 = 목표 · ↓ 지표는 낮을수록 양호)
A2: KPI | B2: 단위 | C2: 목표 | D2: 양호방향 | E2: W1 | F2: W2 | G2: W3 | H2: W4 | I2: W5 | J2: W6 | K2: W7 | L2: W8 | M2: W9 | N2: W10 | O2: W11 | P2: W12 | Q2: W13
A3: SLA 준수율 | B3: % | C3: 0.9 | D3: ↑ | E3: =IFERROR(운영입력!C4/운영입력!C3,0) -> 0.93333333 | F3: =IFERROR(운영입력!D4/운영입력!D3,0) -> 0 | G3: =IFERROR(운영입력!E4/운영입력!E3,0) -> 0 | H3: =IFERROR(운영입력!F4/운영입력!F3,0) -> 0 | I3: =IFERROR(운영입력!G4/운영입력!G3,0) -> 0 | J3: =IFERROR(운영입력!H4/운영입력!H3,0) -> 0 | K3: =IFERROR(운영입력!I4/운영입력!I3,0) -> 0 | L3: =IFERROR(운영입력!J4/운영입력!J3,0) -> 0 | ... Q3: =IFERROR(운영입력!O4/운영입력!O3,0) -> 0
A4: 평균 리드타임 | B4: 일 | C4: 2 | D4: ↓ | E4: =IFERROR(운영입력!C5/운영입력!C3,0) -> 1.8888889 | F4: =IFERROR(운영입력!D5/운영입력!D3,0) -> 0 | G4: =IFERROR(운영입력!E5/운영입력!E3,0) -> 0 | H4: =IFERROR(운영입력!F5/운영입력!F3,0) -> 0 | I4: =IFERROR(운영입력!G5/운영입력!G3,0) -> 0 | J4: =IFERROR(운영입력!H5/운영입력!H3,0) -> 0 | K4: =IFERROR(운영입력!I5/운영입력!I3,0) -> 0 | L4: =IFERROR(운영입력!J5/운영입력!J3,0) -> 0 | ... Q4: =IFERROR(운영입력!O5/운영입력!O3,0) -> 0
A5: 릴리스 정시율 | B5: % | C5: 0.95 | D5: ↑ | E5: =IFERROR(운영입력!C7/운영입력!C6,0) -> 0.91666667 | F5: =IFERROR(운영입력!D7/운영입력!D6,0) -> 0 | G5: =IFERROR(운영입력!E7/운영입력!E6,0) -> 0 | H5: =IFERROR(운영입력!F7/운영입력!F6,0) -> 0 | I5: =IFERROR(운영입력!G7/운영입력!G6,0) -> 0 | J5: =IFERROR(운영입력!H7/운영입력!H6,0) -> 0 | K5: =IFERROR(운영입력!I7/운영입력!I6,0) -> 0 | L5: =IFERROR(운영입력!J7/운영입력!J6,0) -> 0 | ... Q5: =IFERROR(운영입력!O7/운영입력!O6,0) -> 0
A6: 기획서 재작업률 | B6: % | C6: 0.15 | D6: ↓ | E6: =IFERROR(운영입력!C9/운영입력!C8,0) -> 0.15 | F6: =IFERROR(운영입력!D9/운영입력!D8,0) -> 0 | G6: =IFERROR(운영입력!E9/운영입력!E8,0) -> 0 | H6: =IFERROR(운영입력!F9/운영입력!F8,0) -> 0 | I6: =IFERROR(운영입력!G9/운영입력!G8,0) -> 0 | J6: =IFERROR(운영입력!H9/운영입력!H8,0) -> 0 | K6: =IFERROR(운영입력!I9/운영입력!I8,0) -> 0 | L6: =IFERROR(운영입력!J9/운영입력!J8,0) -> 0 | ... Q6: =IFERROR(운영입력!O9/운영입력!O8,0) -> 0
A7: 장애 건수 | B7: 건 | C7: 0 | D7: ↓ | E7: =운영입력!C10 -> 0 | F7: =운영입력!D10 -> 0 | G7: =운영입력!E10 -> 0 | H7: =운영입력!F10 -> 0 | I7: =운영입력!G10 -> 0 | J7: =운영입력!H10 -> 0 | K7: =운영입력!I10 -> 0 | L7: =운영입력!J10 -> 0 | ... Q7: =운영입력!O10 -> 0
A8: 오류 건수 | B8: 건 | C8: 0 | D8: ↓ | E8: =운영입력!C11 -> 2 | F8: =운영입력!D11 -> 0 | G8: =운영입력!E11 -> 0 | H8: =운영입력!F11 -> 0 | I8: =운영입력!G11 -> 0 | J8: =운영입력!H11 -> 0 | K8: =운영입력!I11 -> 0 | L8: =운영입력!J11 -> 0 | ... Q8: =운영입력!O11 -> 0
A9: CS 문의 | B9: 건 | C9: 100 | D9: ↓ | E9: =운영입력!C12 -> 95 | F9: =운영입력!D12 -> 0 | G9: =운영입력!E12 -> 0 | H9: =운영입력!F12 -> 0 | I9: =운영입력!G12 -> 0 | J9: =운영입력!H12 -> 0 | K9: =운영입력!I12 -> 0 | L9: =운영입력!J12 -> 0 | ... Q9: =운영입력!O12 -> 0
A10: CS 반영률 | B10: % | C10: 0.9 | D10: ↑ | E10: =IFERROR(운영입력!C13/운영입력!C12,0) -> 0.92631579 | F10: =IFERROR(운영입력!D13/운영입력!D12,0) -> 0 | G10: =IFERROR(운영입력!E13/운영입력!E12,0) -> 0 | H10: =IFERROR(운영입력!F13/운영입력!F12,0) -> 0 | I10: =IFERROR(운영입력!G13/운영입력!G12,0) -> 0 | J10: =IFERROR(운영입력!H13/운영입력!H12,0) -> 0 | K10: =IFERROR(운영입력!I13/운영입력!I12,0) -> 0 | L10: =IFERROR(운영입력!J13/운영입력!J12,0) -> 0 | ... Q10: =IFERROR(운영입력!O13/운영입력!O12,0) -> 0
A11: A/B 유의미 도출률 | B11: % | C11: 0.5 | D11: ↑ | E11: =IFERROR(운영입력!C15/운영입력!C14,0) -> 0.5 | F11: =IFERROR(운영입력!D15/운영입력!D14,0) -> 0 | G11: =IFERROR(운영입력!E15/운영입력!E14,0) -> 0 | H11: =IFERROR(운영입력!F15/운영입력!F14,0) -> 0 | I11: =IFERROR(운영입력!G15/운영입력!G14,0) -> 0 | J11: =IFERROR(운영입력!H15/운영입력!H14,0) -> 0 | K11: =IFERROR(운영입력!I15/운영입력!I14,0) -> 0 | L11: =IFERROR(운영입력!J15/운영입력!J14,0) -> 0 | ... Q11: =IFERROR(운영입력!O15/운영입력!O14,0) -> 0
A12: 출시후 KPI 달성률 | B12: % | C12: 0.8 | D12: ↑ | E12: =IFERROR(운영입력!C17/운영입력!C16,0) -> 0.8 | F12: =IFERROR(운영입력!D17/운영입력!D16,0) -> 0 | G12: =IFERROR(운영입력!E17/운영입력!E16,0) -> 0 | H12: =IFERROR(운영입력!F17/운영입력!F16,0) -> 0 | I12: =IFERROR(운영입력!G17/운영입력!G16,0) -> 0 | J12: =IFERROR(운영입력!H17/운영입력!H16,0) -> 0 | K12: =IFERROR(운영입력!I17/운영입력!I16,0) -> 0 | L12: =IFERROR(운영입력!J17/운영입력!J16,0) -> 0 | ... Q12: =IFERROR(운영입력!O17/운영입력!O16,0) -> 0
A13: 고객 피드백 반영률 | B13: % | C13: 0.75 | D13: ↑ | E13: =IFERROR(운영입력!C19/운영입력!C18,0) -> 0.775 | F13: =IFERROR(운영입력!D19/운영입력!D18,0) -> 0 | G13: =IFERROR(운영입력!E19/운영입력!E18,0) -> 0 | H13: =IFERROR(운영입력!F19/운영입력!F18,0) -> 0 | I13: =IFERROR(운영입력!G19/운영입력!G18,0) -> 0 | J13: =IFERROR(운영입력!H19/운영입력!H18,0) -> 0 | K13: =IFERROR(운영입력!I19/운영입력!I18,0) -> 0 | L13: =IFERROR(운영입력!J19/운영입력!J18,0) -> 0 | ... Q13: =IFERROR(운영입력!O19/운영입력!O18,0) -> 0

Sheet 운영대시보드
A1: 운영 KPI 대시보드 (임원보고)
A2: 기준 주차(1~13) | C2: 1
A4: KPI | B4: 목표 | C4: 방향 | D4: 현재값 | E4: 판정 | F4: 전주대비(WoW)
A5: SLA 준수율 | B5: =운영KPI!$C3 -> 0.9 | C5: =운영KPI!$D3 -> ↑ | D5: =IFERROR(INDEX(운영KPI!$E3:$Q3,$C$2),0) -> 0.93333333 | E5: =IF(C5="↑",IF(D5>=B5,"양호","미달"),IF(D5<=B5,"양호","주의")) -> 양호 | F5: =IF($C$2<=1,"-",IFERROR(D5/INDEX(운영KPI!$E3:$Q3,$C$2-1)-1,"-")) -> -
A6: 평균 리드타임 | B6: =운영KPI!$C4 -> 2 | C6: =운영KPI!$D4 -> ↓ | D6: =IFERROR(INDEX(운영KPI!$E4:$Q4,$C$2),0) -> 1.8888889 | E6: =IF(C6="↑",IF(D6>=B6,"양호","미달"),IF(D6<=B6,"양호","주의")) -> 양호 | F6: =IF($C$2<=1,"-",IFERROR(D6/INDEX(운영KPI!$E4:$Q4,$C$2-1)-1,"-")) -> -
A7: 릴리스 정시율 | B7: =운영KPI!$C5 -> 0.95 | C7: =운영KPI!$D5 -> ↑ | D7: =IFERROR(INDEX(운영KPI!$E5:$Q5,$C$2),0) -> 0.91666667 | E7: =IF(C7="↑",IF(D7>=B7,"양호","미달"),IF(D7<=B7,"양호","주의")) -> 미달 | F7: =IF($C$2<=1,"-",IFERROR(D7/INDEX(운영KPI!$E5:$Q5,$C$2-1)-1,"-")) -> -
A8: 기획서 재작업률 | B8: =운영KPI!$C6 -> 0.15 | C8: =운영KPI!$D6 -> ↓ | D8: =IFERROR(INDEX(운영KPI!$E6:$Q6,$C$2),0) -> 0.15 | E8: =IF(C8="↑",IF(D8>=B8,"양호","미달"),IF(D8<=B8,"양호","주의")) -> 양호 | F8: =IF($C$2<=1,"-",IFERROR(D8/INDEX(운영KPI!$E6:$Q6,$C$2-1)-1,"-")) -> -
A9: 장애 건수 | B9: =운영KPI!$C7 -> 0 | C9: =운영KPI!$D7 -> ↓ | D9: =IFERROR(INDEX(운영KPI!$E7:$Q7,$C$2),0) -> 0 | E9: =IF(C9="↑",IF(D9>=B9,"양호","미달"),IF(D9<=B9,"양호","주의")) -> 양호 | F9: =IF($C$2<=1,"-",IFERROR(D9/INDEX(운영KPI!$E7:$Q7,$C$2-1)-1,"-")) -> -
A10: 오류 건수 | B10: =운영KPI!$C8 -> 0 | C10: =운영KPI!$D8 -> ↓ | D10: =IFERROR(INDEX(운영KPI!$E8:$Q8,$C$2),0) -> 2 | E10: =IF(C10="↑",IF(D10>=B10,"양호","미달"),IF(D10<=B10,"양호","주의")) -> 주의 | F10: =IF($C$2<=1,"-",IFERROR(D10/INDEX(운영KPI!$E8:$Q8,$C$2-1)-1,"-")) -> -
A11: CS 문의 | B11: =운영KPI!$C9 -> 100 | C11: =운영KPI!$D9 -> ↓ | D11: =IFERROR(INDEX(운영KPI!$E9:$Q9,$C$2),0) -> 95 | E11: =IF(C11="↑",IF(D11>=B11,"양호","미달"),IF(D11<=B11,"양호","주의")) -> 양호 | F11: =IF($C$2<=1,"-",IFERROR(D11/INDEX(운영KPI!$E9:$Q9,$C$2-1)-1,"-")) -> -
A12: CS 반영률 | B12: =운영KPI!$C10 -> 0.9 | C12: =운영KPI!$D10 -> ↑ | D12: =IFERROR(INDEX(운영KPI!$E10:$Q10,$C$2),0) -> 0.92631579 | E12: =IF(C12="↑",IF(D12>=B12,"양호","미달"),IF(D12<=B12,"양호","주의")) -> 양호 | F12: =IF($C$2<=1,"-",IFERROR(D12/INDEX(운영KPI!$E10:$Q10,$C$2-1)-1,"-")) -> -
A13: A/B 유의미 도출률 | B13: =운영KPI!$C11 -> 0.5 | C13: =운영KPI!$D11 -> ↑ | D13: =IFERROR(INDEX(운영KPI!$E11:$Q11,$C$2),0) -> 0.5 | E13: =IF(C13="↑",IF(D13>=B13,"양호","미달"),IF(D13<=B13,"양호","주의")) -> 양호 | F13: =IF($C$2<=1,"-",IFERROR(D13/INDEX(운영KPI!$E11:$Q11,$C$2-1)-1,"-")) -> -
A14: 출시후 KPI 달성률 | B14: =운영KPI!$C12 -> 0.8 | C14: =운영KPI!$D12 -> ↑ | D14: =IFERROR(INDEX(운영KPI!$E12:$Q12,$C$2),0) -> 0.8 | E14: =IF(C14="↑",IF(D14>=B14,"양호","미달"),IF(D14<=B14,"양호","주의")) -> 양호 | F14: =IF($C$2<=1,"-",IFERROR(D14/INDEX(운영KPI!$E12:$Q12,$C$2-1)-1,"-")) -> -
A15: 고객 피드백 반영률 | B15: =운영KPI!$C13 -> 0.75 | C15: =운영KPI!$D13 -> ↑ | D15: =IFERROR(INDEX(운영KPI!$E13:$Q13,$C$2),0) -> 0.775 | E15: =IF(C15="↑",IF(D15>=B15,"양호","미달"),IF(D15<=B15,"양호","주의")) -> 양호 | F15: =IF($C$2<=1,"-",IFERROR(D15/INDEX(운영KPI!$E13:$Q13,$C$2-1)-1,"-")) -> -

Sheet 평가체계
A1: 평가 가중 체계 (개인 성과 50 / 협업 20 / 비즈니스 30)
A2: 평가축 | B2: 가중치 | C2: 포함 지표
A3: 개인 성과 | B3: 50% | C3: 거래액(GMV), 구매 전환율(CVR), 객단가(AOV), 재구매율, 신규 회원
A4: 협업 | B4: 20% | C4: SLA 준수율, 평균 리드타임, 릴리스 정시율, 기획서 재작업률, 장애 건수, 오류 건수, CS 문의, CS 반영률, 고객 피드백 반영률
A5: 비즈니스 관점 | B5: 30% | C5: 정가 판매 비중, 브랜드 교차구매율, 첫구매→재구매 전환율, A/B 유의미 도출률, 출시후 KPI 달성률
A6: 종합 점수 | B6: 가중합 | C6: 산식: 성과 달성률×0.5 + 협업 달성률×0.2 + 비즈니스 달성률×0.3 (달성률은 평가용 100% 상한). 실시간 계산은 웹 대시보드 "종합 평가" 탭 참조.

Sheet 출처_기대효과
A1: KPI별 평가축 · 출처(경쟁사 벤치마크) · 비즈니스 기대효과
A2: 평가축 | B2: KPI | C2: 출처 (벤치마크) | D2: KPI 달성 시 비즈니스 기대효과
A3: 성과 | B3: 거래액(GMV) | C3: 내부 목표 · 시장규모 참고: 29CM 거래액 1조원('24)·W컨셉 5,722억('24) [ref 05·06] | D3: 매출 규모 확대 → 플랫폼 성장·바잉파워·고정비 분산의 기반.
A4: 성과 | B4: 구매 전환율(CVR) | C4: 무신사 세분화 필터·랭킹, SSF 데이터기반 개인화 추천 [ref 01·04] | D4: 같은 트래픽으로 매출↑ → 광고비 효율(ROAS) 개선, CAC 회수 가속.
A5: 성과 | B5: 객단가(AOV) | C5: LF몰 코디 묶음·ZARA '완성된 룩' 코디 [ref 02·07] · 비교: 29CM 객단가 23만원+('24) | D5: 주문당 매출↑ → 동일 주문수로 GMV 상승, 크로스셀 수익 증대.
A6: 성과 | B6: 재구매율 | C6: 한섬·바바더닷컴 통합 멤버십, S.I.VILLAGE 히스토리/위시리스트 동선 [ref 03·08·09] | D6: 충성 고객 매출 안정화 → 신규 의존도↓, 마케팅비 절감.
A7: 성과 | B7: 신규 회원 | C7: SSF Shop UI/UX 개편 후 20대 회원 100%+ 증가 사례 [ref 01] | D7: 미래 매출 풀 확대 → LTV 창출의 입구, 회원 기반 리타게팅.
A8: 비즈니스 | B8: 정가 판매 비중 | C8: 한섬닷컴 '과도한 할인 지양' 프리미엄 정책 [ref 03] | D8: 마진율↑·브랜드 가치 보존 → 할인 의존 없는 수익 체력.
A9: 비즈니스 | B9: 브랜드 교차구매율 | C9: 바바더닷컴·SSF 통합몰 교차구매, LF몰 통합 멤버십 [ref 08·01·02] | D9: 통합몰 시너지 실현 → 고객당 매출(LTV)↑, 멀티브랜드 운영 정당성.
A10: 비즈니스 | B10: 첫구매→재구매 전환율 | C10: S.I.VILLAGE 재방문 동선·바바더닷컴 AI 추천 [ref 09·08] | D10: 신규의 충성 전환 → 리텐션·LTV 상승, 획득비 회수율 개선.
A11: 비즈니스 | B11: A/B 유의미 도출률 | C11: 데이터 기반 의사결정 업계 표준 | D11: 의사결정 품질↑ → 잘못된 기획 실패 비용 감소.
A12: 비즈니스 | B12: 출시후 KPI 달성률 | C12: 업계 프로덕트팀 출시 KPI 표준(내부) | D12: 기획 리소스 ROI 검증 → 가설 적중률↑, 자원 배분 정당화.
A13: 협업 | B13: SLA 준수율 | C13: 업계 운영 SLA 표준 | D13: 요청자(타팀) 신뢰·협업 속도↑ → 부서 간 병목 감소.
... A21: 협업 | B21: 고객 피드백 반영률 | C21: 업계 프로덕트팀 '3개월 내 75% 반영' 표준(주간 환산) | D21: 제품 개선 사이클 가속 → 고객 체감 가치·충성도 상승.
